{
"meta":{"test_sets":[],"test_metrics":[],"learn_metrics":[{"best_value":"Min","name":"Logloss"}],"launch_mode":"Train","parameters":"","iteration_count":300,"learn_sets":["learn"],"name":"experiment"},
"iterations":[
{"learn":[0.6287484574],"iteration":0,"passed_time":0.05012237907,"remaining_time":14.98659134},
{"learn":[0.5793605547],"iteration":1,"passed_time":0.09979234194,"remaining_time":14.86905895},
{"learn":[0.5426988204],"iteration":2,"passed_time":0.1450429368,"remaining_time":14.35925074},
{"learn":[0.519739174],"iteration":3,"passed_time":0.1746241923,"remaining_time":12.92219023},
{"learn":[0.5017203239],"iteration":4,"passed_time":0.2031151508,"remaining_time":11.9837939},
{"learn":[0.4841413851],"iteration":5,"passed_time":0.245952761,"remaining_time":12.05168529},
{"learn":[0.4725650699],"iteration":6,"passed_time":0.2895621886,"remaining_time":12.12024589},
{"learn":[0.4638883689],"iteration":7,"passed_time":0.3326516277,"remaining_time":12.14178441},
{"learn":[0.4574578937],"iteration":8,"passed_time":0.3668680047,"remaining_time":11.86206548},
{"learn":[0.4513690516],"iteration":9,"passed_time":0.4109074305,"remaining_time":11.91631548},
{"learn":[0.4451782143],"iteration":10,"passed_time":0.4539154182,"remaining_time":11.92559599},
{"learn":[0.4399212747],"iteration":11,"passed_time":0.4976743067,"remaining_time":11.94418336},
{"learn":[0.4372316045],"iteration":12,"passed_time":0.5474478944,"remaining_time":12.08596505},
{"learn":[0.4337822896],"iteration":13,"passed_time":0.5949263687,"remaining_time":12.15349582},
{"learn":[0.4300363492],"iteration":14,"passed_time":0.638013181,"remaining_time":12.12225044},
{"learn":[0.4267482433],"iteration":15,"passed_time":0.6808589611,"remaining_time":12.08524656},
{"learn":[0.4236157377],"iteration":16,"passed_time":0.7255618704,"remaining_time":12.07847114},
{"learn":[0.4229433334],"iteration":17,"passed_time":0.7384763922,"remaining_time":11.56946348},
{"learn":[0.4225222239],"iteration":18,"passed_time":0.7571883176,"remaining_time":11.1984167},
{"learn":[0.4181802035],"iteration":19,"passed_time":0.8031088021,"remaining_time":11.24352323},
{"learn":[0.4147735998],"iteration":20,"passed_time":0.8532213681,"remaining_time":11.33565532},
{"learn":[0.410708468],"iteration":21,"passed_time":0.9106666729,"remaining_time":11.50751523},
{"learn":[0.4092178882],"iteration":22,"passed_time":0.9936280464,"remaining_time":11.96673778},
{"learn":[0.4071704175],"iteration":23,"passed_time":1.085263896,"remaining_time":12.48053481},
{"learn":[0.4050806357],"iteration":24,"passed_time":1.167132342,"remaining_time":12.83845576},
{"learn":[0.4031016942],"iteration":25,"passed_time":1.260500059,"remaining_time":13.28373139},
{"learn":[0.3990356353],"iteration":26,"passed_time":1.347183325,"remaining_time":13.62152028},
{"learn":[0.3973330435],"iteration":27,"passed_time":1.43437564,"remaining_time":13.93393479},
{"learn":[0.3928654875],"iteration":28,"passed_time":1.518333616,"remaining_time":14.18856586},
{"learn":[0.390265841],"iteration":29,"passed_time":1.603453527,"remaining_time":14.43108174},
{"learn":[0.3871709261],"iteration":30,"passed_time":1.693529525,"remaining_time":14.69546588},
{"learn":[0.3871425724],"iteration":31,"passed_time":1.710476843,"remaining_time":14.32524356},
{"learn":[0.3851061397],"iteration":32,"passed_time":1.790552296,"remaining_time":14.48719585},
{"learn":[0.3834843462],"iteration":33,"passed_time":1.869785006,"remaining_time":14.62831799},
{"learn":[0.3810178237],"iteration":34,"passed_time":1.949058732,"remaining_time":14.75715897},
{"learn":[0.3809303263],"iteration":35,"passed_time":1.981402884,"remaining_time":14.53028781},
{"learn":[0.3799954359],"iteration":36,"passed_time":2.061215937,"remaining_time":14.65134572},
{"learn":[0.376945525],"iteration":37,"passed_time":2.139166576,"remaining_time":14.7489906},
{"learn":[0.3753993659],"iteration":38,"passed_time":2.219993009,"remaining_time":14.85687629},
{"learn":[0.3750991089],"iteration":39,"passed_time":2.247671232,"remaining_time":14.60986301},
{"learn":[0.3732915687],"iteration":40,"passed_time":2.328143362,"remaining_time":14.70705197},
{"learn":[0.3714706936],"iteration":41,"passed_time":2.405097864,"remaining_time":14.77417259},
{"learn":[0.369877324],"iteration":42,"passed_time":2.472246568,"remaining_time":14.7759853},
{"learn":[0.3682300377],"iteration":43,"passed_time":2.529938391,"remaining_time":14.71964155},
{"learn":[0.3663910264],"iteration":44,"passed_time":2.593309702,"remaining_time":14.69542164},
{"learn":[0.3642763918],"iteration":45,"passed_time":2.641143469,"remaining_time":14.58370524},
{"learn":[0.3632291878],"iteration":46,"passed_time":2.703891096,"remaining_time":14.55498824},
{"learn":[0.3620820599],"iteration":47,"passed_time":2.746224114,"remaining_time":14.4176766},
{"learn":[0.3595603327],"iteration":48,"passed_time":2.789517015,"remaining_time":14.28915859},
{"learn":[0.3586438018],"iteration":49,"passed_time":2.831344378,"remaining_time":14.15672189},
{"learn":[0.3572395362],"iteration":50,"passed_time":2.875987565,"remaining_time":14.04158635},
{"learn":[0.3561138518],"iteration":51,"passed_time":2.919825316,"remaining_time":13.92532074},
{"learn":[0.3542218522],"iteration":52,"passed_time":2.963461254,"remaining_time":13.81084773},
{"learn":[0.352686661],"iteration":53,"passed_time":3.010983867,"remaining_time":13.71670428},
{"learn":[0.3510969861],"iteration":54,"passed_time":3.05896093,"remaining_time":13.62628051},
{"learn":[0.3495973914],"iteration":55,"passed_time":3.107728488,"remaining_time":13.54081699},
{"learn":[0.3478111832],"iteration":56,"passed_time":3.152781148,"remaining_time":13.44080384},
{"learn":[0.3452736267],"iteration":57,"passed_time":3.199777421,"remaining_time":13.35079545},
{"learn":[0.3444045978],"iteration":58,"passed_time":3.246701703,"remaining_time":13.26195102},
{"learn":[0.3433813826],"iteration":59,"passed_time":3.294272993,"remaining_time":13.17709197},
{"learn":[0.3416837031],"iteration":60,"passed_time":3.339510238,"remaining_time":13.08431061},
{"learn":[0.3395914525],"iteration":61,"passed_time":3.38589887,"remaining_time":12.99748276},
{"learn":[0.3378011456],"iteration":62,"passed_time":3.431309253,"remaining_time":12.90825862},
{"learn":[0.33673899],"iteration":63,"passed_time":3.478547411,"remaining_time":12.82714358},
{"learn":[0.3357135817],"iteration":64,"passed_time":3.529491913,"remaining_time":12.76047076},
{"learn":[0.3339179953],"iteration":65,"passed_time":3.582718903,"remaining_time":12.70236702},
{"learn":[0.3317210714],"iteration":66,"passed_time":3.632670971,"remaining_time":12.63301994},
{"learn":[0.3295422693],"iteration":67,"passed_time":3.676817644,"remaining_time":12.54443667},
{"learn":[0.3282055185],"iteration":68,"passed_time":3.721627723,"remaining_time":12.45936238},
{"learn":[0.3251813765],"iteration":69,"passed_time":3.765409297,"remaining_time":12.37205912},
{"learn":[0.3218586537],"iteration":70,"passed_time":3.8320782,"remaining_time":12.35980152},
{"learn":[0.3200501482],"iteration":71,"passed_time":3.889509561,"remaining_time":12.31678028},
{"learn":[0.3189425826],"iteration":72,"passed_time":3.971841398,"remaining_time":12.35079449},
{"learn":[0.3173154768],"iteration":73,"passed_time":4.017605607,"remaining_time":12.26998469},
{"learn":[0.3160913434],"iteration":74,"passed_time":4.096982417,"remaining_time":12.29094725},
{"learn":[0.3153079313],"iteration":75,"passed_time":4.17677371,"remaining_time":12.31049093},
{"learn":[0.3132343602],"iteration":76,"passed_time":4.254322659,"remaining_time":12.32096043},
{"learn":[0.3119201425],"iteration":77,"passed_time":4.336182627,"remaining_time":12.34144286},
{"learn":[0.3110941966],"iteration":78,"passed_time":4.413077752,"remaining_time":12.34544536},
{"learn":[0.3089037223],"iteration":79,"passed_time":4.493697641,"remaining_time":12.35766851},
{"learn":[0.3070937628],"iteration":80,"passed_time":4.579439072,"remaining_time":12.38144638},
{"learn":[0.3056606926],"iteration":81,"passed_time":4.676638735,"remaining_time":12.43301517},
{"learn":[0.3048092537],"iteration":82,"passed_time":4.763647342,"remaining_time":12.4543551},
{"learn":[0.3035046176],"iteration":83,"passed_time":4.842780944,"remaining_time":12.45286528},
{"learn":[0.3021581625],"iteration":84,"passed_time":4.924231606,"remaining_time":12.45540936},
{"learn":[0.3002464435],"iteration":85,"passed_time":5.000432393,"remaining_time":12.44293642},
{"learn":[0.2965706985],"iteration":86,"passed_time":5.077823849,"remaining_time":12.43191356},
{"learn":[0.2952992361],"iteration":87,"passed_time":5.158298372,"remaining_time":12.42680971},
{"learn":[0.2925603022],"iteration":88,"passed_time":5.238214024,"remaining_time":12.41868718},
{"learn":[0.291962246],"iteration":89,"passed_time":5.314989491,"remaining_time":12.40164215},
{"learn":[0.2909791997],"iteration":90,"passed_time":5.390968135,"remaining_time":12.38145429},
{"learn":[0.2901168526],"iteration":91,"passed_time":5.465476289,"remaining_time":12.356729},
{"learn":[0.2899992826],"iteration":92,"passed_time":5.54344886,"remaining_time":12.33864424},
{"learn":[0.2891084187],"iteration":93,"passed_time":5.610049999,"remaining_time":12.29436489},
{"learn":[0.2882013906],"iteration":94,"passed_time":5.654392619,"remaining_time":12.20158407},
{"learn":[0.2870190096],"iteration":95,"passed_time":5.699103167,"remaining_time":12.11059423},
{"learn":[0.2859835746],"iteration":96,"passed_time":5.740662375,"remaining_time":12.01396353},
{"learn":[0.2839556619],"iteration":97,"passed_time":5.782681796,"remaining_time":11.91940534},
{"learn":[0.2820433776],"iteration":98,"passed_time":5.826690482,"remaining_time":11.82994734},
{"learn":[0.2811313992],"iteration":99,"passed_time":5.87007916,"remaining_time":11.74015832},
{"learn":[0.2789930607],"iteration":100,"passed_time":5.942174297,"remaining_time":11.70784837},
{"learn":[0.2783065872],"iteration":101,"passed_time":5.987401278,"remaining_time":11.62260248},
{"learn":[0.2774152063],"iteration":102,"passed_time":6.032996136,"remaining_time":11.53883727},
{"learn":[0.2759555508],"iteration":103,"passed_time":6.077735603,"remaining_time":11.45419402},
{"learn":[0.2750375739],"iteration":104,"passed_time":6.122325938,"remaining_time":11.37003388},
{"learn":[0.2729115104],"iteration":105,"passed_time":6.16857896,"remaining_time":11.28966338},
{"learn":[0.271280069],"iteration":106,"passed_time":6.213718476,"remaining_time":11.20792211},
{"learn":[0.2687995221],"iteration":107,"passed_time":6.258158537,"remaining_time":11.12561518},
{"learn":[0.2681797337],"iteration":108,"passed_time":6.302686532,"remaining_time":11.04415713},
{"learn":[0.2670048028],"iteration":109,"passed_time":6.345573481,"remaining_time":10.96053601},
{"learn":[0.2662273614],"iteration":110,"passed_time":6.390697884,"remaining_time":10.88145856},
{"learn":[0.2652422439],"iteration":111,"passed_time":6.435158845,"remaining_time":10.80187378},
{"learn":[0.2639014996],"iteration":112,"passed_time":6.480790291,"remaining_time":10.72484765},
{"learn":[0.2635012822],"iteration":113,"passed_time":6.530199229,"remaining_time":10.65453558},
{"learn":[0.2623043402],"iteration":114,"passed_time":6.579888791,"remaining_time":10.58503849},
{"learn":[0.2611369802],"iteration":115,"passed_time":6.624813039,"remaining_time":10.50832413},
{"learn":[0.2602675893],"iteration":116,"passed_time":6.670326018,"remaining_time":10.43307403},
{"learn":[0.258969523],"iteration":117,"passed_time":6.714867092,"remaining_time":10.3568289},
{"learn":[0.2575059417],"iteration":118,"passed_time":6.75773377,"remaining_time":10.27856985},
{"learn":[0.2571024897],"iteration":119,"passed_time":6.803087297,"remaining_time":10.20463094},
{"learn":[0.255985662],"iteration":120,"passed_time":6.846749404,"remaining_time":10.12866234},
{"learn":[0.2543200641],"iteration":121,"passed_time":6.892254765,"remaining_time":10.05591269},
{"learn":[0.2539934758],"iteration":122,"passed_time":6.93671223,"remaining_time":9.982098087},
{"learn":[0.2530647023],"iteration":123,"passed_time":6.98241329,"remaining_time":9.910522089},
{"learn":[0.2524254642],"iteration":124,"passed_time":7.026978076,"remaining_time":9.837769307},
{"learn":[0.2506299126],"iteration":125,"passed_time":7.072173896,"remaining_time":9.76633538},
{"learn":[0.2498154353],"iteration":126,"passed_time":7.116560153,"remaining_time":9.694211862},
{"learn":[0.2491258945],"iteration":127,"passed_time":7.189504914,"remaining_time":9.660897228},
{"learn":[0.247387333],"iteration":128,"passed_time":7.271951533,"remaining_time":9.63956366},
{"learn":[0.2463917588],"iteration":129,"passed_time":7.357389643,"remaining_time":9.621201841},
{"learn":[0.2456037802],"iteration":130,"passed_time":7.433313672,"remaining_time":9.589542066},
{"learn":[0.2446930499],"iteration":131,"passed_time":7.51934973,"remaining_time":9.570081475},
{"learn":[0.2437901667],"iteration":132,"passed_time":7.605847808,"remaining_time":9.550199879},
{"learn":[0.2430619859],"iteration":133,"passed_time":7.688572117,"remaining_time":9.524649041},
{"learn":[0.2423706778],"iteration":134,"passed_time":7.764560944,"remaining_time":9.490018932},
{"learn":[0.240129026],"iteration":135,"passed_time":7.843255227,"remaining_time":9.458043068},
{"learn":[0.2391163108],"iteration":136,"passed_time":7.923654156,"remaining_time":9.427413339},
{"learn":[0.2380519292],"iteration":137,"passed_time":8.015975682,"remaining_time":9.410058409},
{"learn":[0.2370159177],"iteration":138,"passed_time":8.097400431,"remaining_time":9.379003377},
{"learn":[0.2369027147],"iteration":139,"passed_time":8.176011012,"remaining_time":9.344012585},
{"learn":[0.2364019216],"iteration":140,"passed_time":8.25594846,"remaining_time":9.309899328},
{"learn":[0.2350087603],"iteration":141,"passed_time":8.337347414,"remaining_time":9.276766841},
{"learn":[0.2338323313],"iteration":142,"passed_time":8.416597674,"remaining_time":9.240600244},
{"learn":[0.2330241398],"iteration":143,"passed_time":8.49211411,"remaining_time":9.199790286},
{"learn":[0.2320876646],"iteration":144,"passed_time":8.577576151,"remaining_time":9.169133127},
{"learn":[0.2310494865],"iteration":145,"passed_time":8.657837041,"remaining_time":9.132239071},
{"learn":[0.2291502488],"iteration":146,"passed_time":8.719255312,"remaining_time":9.075143283},
{"learn":[0.228116209],"iteration":147,"passed_time":8.764743409,"remaining_time":9.001628366},
{"learn":[0.2280639659],"iteration":148,"passed_time":8.809802501,"remaining_time":8.928054883},
{"learn":[0.2271046328],"iteration":149,"passed_time":8.851554924,"remaining_time":8.851554924},
{"learn":[0.2263003632],"iteration":150,"passed_time":8.896759938,"remaining_time":8.778922058},
{"learn":[0.2249696916],"iteration":151,"passed_time":8.943059414,"remaining_time":8.707715745},
{"learn":[0.224135941],"iteration":152,"passed_time":8.986438391,"remaining_time":8.634029042},
{"learn":[0.2238344178],"iteration":153,"passed_time":9.031327359,"remaining_time":8.562167496},
{"learn":[0.2224999644],"iteration":154,"passed_time":9.075248649,"remaining_time":8.489748736},
{"learn":[0.2216275704],"iteration":155,"passed_time":9.120895368,"remaining_time":8.419288032},
{"learn":[0.2209613339],"iteration":156,"passed_time":9.166582117,"remaining_time":8.34917989},
{"learn":[0.2198895962],"iteration":157,"passed_time":9.212444156,"remaining_time":8.279538419},
{"learn":[0.2191466624],"iteration":158,"passed_time":9.255768677,"remaining_time":8.207945808},
{"learn":[0.2186288223],"iteration":159,"passed_time":9.329856603,"remaining_time":8.163624528},
{"learn":[0.2180915096],"iteration":160,"passed_time":9.374960687,"remaining_time":8.093910159},
{"learn":[0.217536961],"iteration":161,"passed_time":9.421928243,"remaining_time":8.026087022},
{"learn":[0.2160985604],"iteration":162,"passed_time":9.468952805,"remaining_time":7.958567695},
{"learn":[0.2150058792],"iteration":163,"passed_time":9.517701262,"remaining_time":7.892727876},
{"learn":[0.2149789795],"iteration":164,"passed_time":9.569159852,"remaining_time":7.829312606},
{"learn":[0.2143046943],"iteration":165,"passed_time":9.61602411,"remaining_time":7.762332715},
{"learn":[0.2139081459],"iteration":166,"passed_time":9.662127683,"remaining_time":7.694987915},
{"learn":[0.2131875565],"iteration":167,"passed_time":9.705605788,"remaining_time":7.625833119},
{"learn":[0.2121323563],"iteration":168,"passed_time":9.752501551,"remaining_time":7.55963138},
{"learn":[0.211307319],"iteration":169,"passed_time":9.795328661,"remaining_time":7.490545447},
{"learn":[0.2112503889],"iteration":170,"passed_time":9.838732214,"remaining_time":7.422201495},
{"learn":[0.2099012563],"iteration":171,"passed_time":9.88403037,"remaining_time":7.355557485},
{"learn":[0.2080644407],"iteration":172,"passed_time":9.928511337,"remaining_time":7.288560345},
{"learn":[0.2073507771],"iteration":173,"passed_time":9.974624654,"remaining_time":7.22300406},
{"learn":[0.2069871701],"iteration":174,"passed_time":10.0188646,"remaining_time":7.156331857},
{"learn":[0.2065133449],"iteration":175,"passed_time":10.06285905,"remaining_time":7.089741603},
{"learn":[0.2051726565],"iteration":176,"passed_time":10.10798026,"remaining_time":7.024189672},
{"learn":[0.2038419306],"iteration":177,"passed_time":10.15390716,"remaining_time":6.959419516},
{"learn":[0.2029414312],"iteration":178,"passed_time":10.19991029,"remaining_time":6.894911426},
{"learn":[0.2015101728],"iteration":179,"passed_time":10.24510638,"remaining_time":6.830070918},
{"learn":[0.2003395272],"iteration":180,"passed_time":10.32168002,"remaining_time":6.786076919},
{"learn":[0.1998051219],"iteration":181,"passed_time":10.40020991,"remaining_time":6.742993238},
{"learn":[0.1993562737],"iteration":182,"passed_time":10.47964619,"remaining_time":6.700101662},
{"learn":[0.1989666326],"iteration":183,"passed_time":10.56006559,"remaining_time":6.657432657},
{"learn":[0.1981193498],"iteration":184,"passed_time":10.64284557,"remaining_time":6.615822924},
{"learn":[0.1971799356],"iteration":185,"passed_time":10.71997055,"remaining_time":6.570304528},
{"learn":[0.1959897831],"iteration":186,"passed_time":10.79843837,"remaining_time":6.525259551},
{"learn":[0.1955720999],"iteration":187,"passed_time":10.87397677,"remaining_time":6.478113819},
{"learn":[0.1947744583],"iteration":188,"passed_time":10.9539313,"remaining_time":6.433261238},
{"learn":[0.1946406614],"iteration":189,"passed_time":11.03313809,"remaining_time":6.38760626},
{"learn":[0.1946098547],"iteration":190,"passed_time":11.11037482,"remaining_time":6.340475682},
{"learn":[0.1939144911],"iteration":191,"passed_time":11.18700078,"remaining_time":6.292687936},
{"learn":[0.1934925673],"iteration":192,"passed_time":11.26409131,"remaining_time":6.244858911},
{"learn":[0.1927600033],"iteration":193,"passed_time":11.34374408,"remaining_time":6.19812821},
{"learn":[0.1920461253],"iteration":194,"passed_time":11.42328182,"remaining_time":6.150997902},
{"learn":[0.1912664863],"iteration":195,"passed_time":11.49962131,"remaining_time":6.10183988},
{"learn":[0.1903384548],"iteration":196,"passed_time":11.57983006,"remaining_time":6.054428913},
{"learn":[0.1898441469],"iteration":197,"passed_time":11.65657796,"remaining_time":6.004903797},
{"learn":[0.1884707599],"iteration":198,"passed_time":11.7407739,"remaining_time":5.958885248},
{"learn":[0.1873543001],"iteration":199,"passed_time":11.81879616,"remaining_time":5.909398079},
{"learn":[0.1866374159],"iteration":200,"passed_time":11.87795982,"remaining_time":5.85033842},
{"learn":[0.1855748144],"iteration":201,"passed_time":11.9232707,"remaining_time":5.784557071},
{"learn":[0.1848269642],"iteration":202,"passed_time":11.96600922,"remaining_time":5.717748249},
{"learn":[0.1843590765],"iteration":203,"passed_time":12.00923131,"remaining_time":5.651402971},
{"learn":[0.1838296331],"iteration":204,"passed_time":12.05531433,"remaining_time":5.586609082},
{"learn":[0.1836763733],"iteration":205,"passed_time":12.09977428,"remaining_time":5.521256224},
{"learn":[0.1825359319],"iteration":206,"passed_time":12.14543202,"remaining_time":5.456643371},
{"learn":[0.1813477177],"iteration":207,"passed_time":12.19289776,"remaining_time":5.393012472},
{"learn":[0.1806473806],"iteration":208,"passed_time":12.23711885,"remaining_time":5.32812352},
{"learn":[0.1802848416],"iteration":209,"passed_time":12.28149679,"remaining_time":5.263498623},
{"learn":[0.1797467176],"iteration":210,"passed_time":12.32586726,"remaining_time":5.199062495},
{"learn":[0.1793626534],"iteration":211,"passed_time":12.36984992,"remaining_time":5.134654683},
{"learn":[0.178694211],"iteration":212,"passed_time":12.4147832,"remaining_time":5.070826939},
{"learn":[0.1782303968],"iteration":213,"passed_time":12.45982668,"remaining_time":5.007220066},
{"learn":[0.1769861238],"iteration":214,"passed_time":12.5085135,"remaining_time":4.945226266},
{"learn":[0.1765523696],"iteration":215,"passed_time":12.55784183,"remaining_time":4.883605158},
{"learn":[0.1750819615],"iteration":216,"passed_time":12.60323323,"remaining_time":4.820591512},
{"learn":[0.1743072133],"iteration":217,"passed_time":12.64845656,"remaining_time":4.757676319},
{"learn":[0.1736116045],"iteration":218,"passed_time":12.69400344,"remaining_time":4.695042369},
{"learn":[0.1726346213],"iteration":219,"passed_time":12.73935005,"remaining_time":4.632490928},
{"learn":[0.1717136606],"iteration":220,"passed_time":12.78286033,"remaining_time":4.569438761},
{"learn":[0.1716764839],"iteration":221,"passed_time":12.82569624,"remaining_time":4.506325708},
{"learn":[0.1710391439],"iteration":222,"passed_time":12.873114,"remaining_time":4.444976583},
{"learn":[0.1710071226],"iteration":223,"passed_time":12.91814761,"remaining_time":4.382942939},
{"learn":[0.170691682],"iteration":224,"passed_time":12.96076833,"remaining_time":4.320256109},
{"learn":[0.1698626697],"iteration":225,"passed_time":13.00693531,"remaining_time":4.258908022},
{"learn":[0.169270025],"iteration":226,"passed_time":13.05185763,"remaining_time":4.197293422},
{"learn":[0.1689372736],"iteration":227,"passed_time":13.09627847,"remaining_time":4.135666884},
{"learn":[0.1680946837],"iteration":228,"passed_time":13.14206909,"remaining_time":4.074615307},
{"learn":[0.1677894342],"iteration":229,"passed_time":13.18605566,"remaining_time":4.013147375},
{"learn":[0.1674827089],"iteration":230,"passed_time":13.234027,"remaining_time":3.953021051},
{"learn":[0.1669140363],"iteration":231,"passed_time":13.27930112,"remaining_time":3.89220895},
{"learn":[0.1664546443],"iteration":232,"passed_time":13.32498963,"remaining_time":3.83164938},
{"learn":[0.1658225717],"iteration":233,"passed_time":13.37074872,"remaining_time":3.771236818},
{"learn":[0.1653756021],"iteration":234,"passed_time":13.44231784,"remaining_time":3.718087914},
{"learn":[0.1646025658],"iteration":235,"passed_time":13.52872584,"remaining_time":3.668807009},
{"learn":[0.1640588795],"iteration":236,"passed_time":13.61051573,"remaining_time":3.617985195},
{"learn":[0.1632829643],"iteration":237,"passed_time":13.68786613,"remaining_time":3.565746638},
{"learn":[0.1629259926],"iteration":238,"passed_time":13.76705164,"remaining_time":3.513766318},
{"learn":[0.1624254433],"iteration":239,"passed_time":13.84645036,"remaining_time":3.461612589},
{"learn":[0.1621122968],"iteration":240,"passed_time":13.92599144,"remaining_time":3.409267615},
{"learn":[0.1614572675],"iteration":241,"passed_time":14.00411704,"remaining_time":3.35635863},
{"learn":[0.1611510939],"iteration":242,"passed_time":14.08376905,"remaining_time":3.303600148},
{"learn":[0.1609026637],"iteration":243,"passed_time":14.16732638,"remaining_time":3.251517529},
{"learn":[0.1605289612],"iteration":244,"passed_time":14.24860664,"remaining_time":3.198666797},
{"learn":[0.1600036397],"iteration":245,"passed_time":14.3226337,"remaining_time":3.143992762},
{"learn":[0.1588772211],"iteration":246,"passed_time":14.43571532,"remaining_time":3.097542153},
{"learn":[0.1582733697],"iteration":247,"passed_time":14.5198263,"remaining_time":3.044479708},
{"learn":[0.1578583223],"iteration":248,"passed_time":14.6053338,"remaining_time":2.991453911},
{"learn":[0.1573028111],"iteration":249,"passed_time":14.68749093,"remaining_time":2.937498186},
{"learn":[0.1565323524],"iteration":250,"passed_time":14.76277256,"remaining_time":2.881975519},
{"learn":[0.1560661013],"iteration":251,"passed_time":14.85707908,"remaining_time":2.829919825},
{"learn":[0.1560362431],"iteration":252,"passed_time":14.93782421,"remaining_time":2.775010822},
{"learn":[0.1552400873],"iteration":253,"passed_time":14.98716323,"remaining_time":2.714210664},
{"learn":[0.154803423],"iteration":254,"passed_time":15.03196644,"remaining_time":2.652699959},
{"learn":[0.1542610164],"iteration":255,"passed_time":15.07610279,"remaining_time":2.591205167},
{"learn":[0.1539803689],"iteration":256,"passed_time":15.12118926,"remaining_time":2.53000443},
{"learn":[0.1534632126],"iteration":257,"passed_time":15.16392817,"remaining_time":2.468546446},
{"learn":[0.1530907209],"iteration":258,"passed_time":15.20662393,"remaining_time":2.407226181},
{"learn":[0.1526334101],"iteration":259,"passed_time":15.25268254,"remaining_time":2.346566545},
{"learn":[0.1524750684],"iteration":260,"passed_time":15.29381371,"remaining_time":2.285282509},
{"learn":[0.1519579391],"iteration":261,"passed_time":15.33865189,"remaining_time":2.224689969},
{"learn":[0.151375547],"iteration":262,"passed_time":15.38243472,"remaining_time":2.164068763},
{"learn":[0.1510584735],"iteration":263,"passed_time":15.42697916,"remaining_time":2.103678977},
{"learn":[0.1504829205],"iteration":264,"passed_time":15.47602435,"remaining_time":2.044003217},
{"learn":[0.1500886259],"iteration":265,"passed_time":15.53119486,"remaining_time":1.98519032},
{"learn":[0.1499838592],"iteration":266,"passed_time":15.58801844,"remaining_time":1.92660902},
{"learn":[0.1496127588],"iteration":267,"passed_time":15.6352022,"remaining_time":1.866889815},
{"learn":[0.1492396569],"iteration":268,"passed_time":15.68149035,"remaining_time":1.807160598},
{"learn":[0.1484817032],"iteration":269,"passed_time":15.73188258,"remaining_time":1.747986953},
{"learn":[0.1478359877],"iteration":270,"passed_time":15.78198556,"remaining_time":1.688847164},
{"learn":[0.1473835311],"iteration":271,"passed_time":15.82527467,"remaining_time":1.629072392},
{"learn":[0.1473119147],"iteration":272,"passed_time":15.86950346,"remaining_time":1.569511331},
{"learn":[0.1467237174],"iteration":273,"passed_time":15.91517603,"remaining_time":1.510199186},
{"learn":[0.1460842174],"iteration":274,"passed_time":15.95946202,"remaining_time":1.450860184},
{"learn":[0.1454034672],"iteration":275,"passed_time":16.00288073,"remaining_time":1.391554846},
{"learn":[0.1445770392],"iteration":276,"passed_time":16.04721677,"remaining_time":1.332440381},
{"learn":[0.1440550879],"iteration":277,"passed_time":16.08875839,"remaining_time":1.273211096},
{"learn":[0.1432029131],"iteration":278,"passed_time":16.134966,"remaining_time":1.214459807},
{"learn":[0.1427745309],"iteration":279,"passed_time":16.18123349,"remaining_time":1.155802392},
{"learn":[0.1424612442],"iteration":280,"passed_time":16.22660151,"remaining_time":1.097172344},
{"learn":[0.1421367452],"iteration":281,"passed_time":16.27131534,"remaining_time":1.038594596},
{"learn":[0.1417295061],"iteration":282,"passed_time":16.31685776,"remaining_time":0.9801646005},
{"learn":[0.1409104977],"iteration":283,"passed_time":16.36116614,"remaining_time":0.9217558389},
{"learn":[0.1405585809],"iteration":284,"passed_time":16.40472692,"remaining_time":0.8634066801},
{"learn":[0.1401820109],"iteration":285,"passed_time":16.45379049,"remaining_time":0.8054303036},
{"learn":[0.1397007612],"iteration":286,"passed_time":16.5356001,"remaining_time":0.7489993077},
{"learn":[0.1390997268],"iteration":287,"passed_time":16.61652712,"remaining_time":0.6923552969},
{"learn":[0.138738463],"iteration":288,"passed_time":16.69343541,"remaining_time":0.6353902752},
{"learn":[0.1384806429],"iteration":289,"passed_time":16.77046354,"remaining_time":0.5782918463},
{"learn":[0.1376731664],"iteration":290,"passed_time":16.85378342,"remaining_time":0.5212510335},
{"learn":[0.1371960574],"iteration":291,"passed_time":16.9325345,"remaining_time":0.4639050549},
{"learn":[0.1365844298],"iteration":292,"passed_time":17.01032798,"remaining_time":0.4063900884},
{"learn":[0.1362930592],"iteration":293,"passed_time":17.09340431,"remaining_time":0.348844986},
{"learn":[0.1361978873],"iteration":294,"passed_time":17.17527186,"remaining_time":0.2911063027},
{"learn":[0.1355210071],"iteration":295,"passed_time":17.25777868,"remaining_time":0.2332132254},
{"learn":[0.1350168643],"iteration":296,"passed_time":17.3384692,"remaining_time":0.1751360525},
{"learn":[0.1344195751],"iteration":297,"passed_time":17.41889626,"remaining_time":0.116905344},
{"learn":[0.1337629628],"iteration":298,"passed_time":17.50739955,"remaining_time":0.05855317574},
{"learn":[0.1332361632],"iteration":299,"passed_time":17.59488607,"remaining_time":0}
]}