﻿FirstName,LastName,StudentId,Address1,Address2,City,State,PostalCode
Fred,Flintstone,100,1313 Cobblestone Way,,Bedrock,CO,81411
Wilma,Flintstone,101,1313 Cobblestone Way,,Bedrock,CO,81411
Scooby,Doo,102,224 Maple Street,,Coolsville,OH,45723
Shaggy,Rogers,103,224 Maple Street,,Coolsville,OH,45723
Daphne,Blake ,104,9000 Easy Street,,Coolsville,OH,45723
Velma,Dinkley ,105,316 Circle Drive,,Coolsville,OH,45723
Mickey,Mouse,106,The Magic Kingdom, 1675 North Buena Vista Drive,Lake Buena Vista,FL,32830
Minnie,Mouse,107,The Magic Kingdom, 1675 North Buena Vista Drive,Lake Buena Vista,FL,32830
